{"stats":{"minecraft:custom":{"minecraft:time_since_rest":102,"minecraft:crouch_one_cm":199,"minecraft:play_time":9805,"minecraft:sprint_one_cm":50837,"minecraft:walk_one_cm":39202,"minecraft:damage_taken":561,"minecraft:deaths":2,"minecraft:sneak_time":82,"minecraft:jump":237,"minecraft:damage_dealt":124,"minecraft:leave_game":1,"minecraft:time_since_death":39,"minecraft:total_world_time":9805,"minecraft:climb_one_cm":220,"minecraft:fall_one_cm":7149,"minecraft:fly_one_cm":43123,"minecraft:horse_one_cm":3391},"minecraft:killed_by":{"minecraft:pillager":1},"minecraft:mined":{"minecraft:dark_oak_fence":1,"minecraft:grass":10,"minecraft:tall_grass":13},"minecraft:used":{"minecraft:carrot":4},"minecraft:picked_up":{"minecraft:wheat_seeds":5,"minecraft:red_tulip":1,"minecraft:carrot":2,"minecraft:dark_oak_fence":4}},"DataVersion":3465}