{"stats":{"minecraft:picked_up":{"minecraft:rotten_flesh":5,"minecraft:lead":1,"minecraft:gravel":7,"minecraft:beef":1,"minecraft:lily_pad":15,"minecraft:grass_block":2,"minecraft:dead_bush":1,"minecraft:sugar_cane":92,"minecraft:mangrove_propagule":1},"minecraft:used":{"minecraft:cherry_boat":3,"farmersdelight:cod_slice":2,"minecraft:lead":1,"minecraft:grass_block":15,"securitycraft:cherry_security_sea_boat":1,"minecraft:netherite_axe":2,"minecraft:cod":2,"minecraft:gravel":1},"minecraft:dropped":{"minecraft:dead_bush":1},"minecraft:custom":{"minecraft:time_since_rest":70416,"minecraft:open_chest":2,"minecraft:crouch_one_cm":591,"minecraft:play_time":70416,"minecraft:sprint_one_cm":78577,"minecraft:damage_taken":30,"minecraft:walk_one_cm":187238,"minecraft:sneak_time":909,"minecraft:walk_under_water_one_cm":24680,"minecraft:mob_kills":1,"minecraft:boat_one_cm":453444,"minecraft:drop":1,"minecraft:jump":453,"minecraft:damage_dealt":226,"minecraft:climb_one_cm":230,"minecraft:time_since_death":70416,"minecraft:walk_on_water_one_cm":8095,"minecraft:total_world_time":70416,"minecraft:interact_with_smoker":1,"minecraft:swim_one_cm":25649,"minecraft:talked_to_villager":1,"minecraft:fall_one_cm":1045,"minecraft:fly_one_cm":354975,"minecraft:horse_one_cm":2280},"minecraft:mined":{"minecraft:gravel":7,"minecraft:sugar_cane":37},"minecraft:killed":{"minecraft:cow":1}},"DataVersion":3465}