{"stats":{"minecraft:custom":{"minecraft:time_since_rest":30418,"minecraft:sprint_one_cm":28541,"minecraft:walk_one_cm":164331,"minecraft:mob_kills":6,"minecraft:damage_dealt":1809,"minecraft:talked_to_villager":1,"minecraft:swim_one_cm":794,"minecraft:interact_with_cartography_table":1,"minecraft:fly_one_cm":1132611,"minecraft:crouch_one_cm":3842,"minecraft:play_time":87871,"minecraft:sneak_time":4192,"minecraft:walk_under_water_one_cm":1645,"minecraft:jump":489,"minecraft:leave_game":2,"minecraft:walk_on_water_one_cm":4391,"minecraft:time_since_death":87871,"minecraft:sleep_in_bed":2,"minecraft:climb_one_cm":1500,"minecraft:total_world_time":87871,"minecraft:fall_one_cm":627},"minecraft:killed":{"minecraft:zombie":2,"minecraft:spider":1,"minecraft:iron_golem":1,"minecraft:villager":1,"minecraft:enderman":1},"minecraft:picked_up":{"minecraft:oak_slab":3,"minecraft:raw_iron":1,"minecraft:cooked_porkchop":5,"minecraft:grass_block":1,"minecraft:string":1,"minecraft:dirt":248,"minecraft:raw_copper":4,"minecraft:arrow":2,"minecraft:bone":3,"minecraft:wheat_seeds":1,"minecraft:rabbit_hide":1,"minecraft:iron_ingot":5,"minecraft:rabbit":2,"farmersdelight:cooked_salmon_slice":2,"minecraft:oak_planks":1,"minecraft:coal":15,"minecraft:cobblestone":237,"minecraft:ender_pearl":1},"minecraft:used":{"minecraft:birch_fence":4,"moa_decor_cookery:estufa":1,"minecraft:cherry_sapling":13,"minecraft:water_bucket":16,"minecraft:diamond_pickaxe":34,"minecraft:end_stone_bricks":28,"farmersdelight:skillet":30,"minecraft:flint_and_steel":1,"minecraft:warped_fence":4,"pint_decorations:low_table_coffee":26,"moa_decor_cookery:sartenconhuevo":3,"farmersdelight:stove":1,"caupona:tessellation_workbench":1,"beautify:botanist_workbench":3,"minecraft:pink_petals":176,"minecraft:end_stone_brick_wall":9,"farmersdelight:flint_knife":21,"minecraft:tnt":24,"minecraft:white_bed":2,"minecraft:powder_snow_bucket":56,"minecraft:candle":2,"minecraft:cherry_fence":10,"minecraft:end_stone":2,"minecraft:bone_meal":46}},"DataVersion":3465}