{"stats":{"minecraft:custom":{"minecraft:jump":99,"minecraft:time_since_rest":25474,"minecraft:crouch_one_cm":875,"minecraft:sprint_one_cm":11915,"minecraft:leave_game":1,"minecraft:play_time":25474,"minecraft:time_since_death":25474,"minecraft:walk_one_cm":40688,"minecraft:sneak_time":347,"minecraft:total_world_time":25474,"minecraft:fall_one_cm":627,"minecraft:fly_one_cm":64943},"minecraft:used":{"moa_decor_cookery:sartenconhuevo":2,"minecraft:warped_fence":4,"moa_decor_cookery:estufa":1,"minecraft:white_bed":2,"minecraft:end_stone_brick_wall":9,"caupona:tessellation_workbench":1,"minecraft:end_stone_bricks":9,"beautify:botanist_workbench":3,"minecraft:cherry_fence":10,"minecraft:end_stone":2,"minecraft:candle":2,"minecraft:birch_fence":4}},"DataVersion":3465}