{"stats":{"minecraft:custom":{"minecraft:time_since_rest":2872,"minecraft:crouch_one_cm":1544,"minecraft:play_time":37474,"minecraft:sprint_one_cm":15453,"minecraft:walk_one_cm":72135,"minecraft:sneak_time":497,"minecraft:mob_kills":2,"minecraft:jump":160,"minecraft:damage_dealt":469,"minecraft:leave_game":1,"minecraft:walk_on_water_one_cm":96,"minecraft:time_since_death":37474,"minecraft:sleep_in_bed":1,"minecraft:total_world_time":37474,"minecraft:interact_with_cartography_table":1,"minecraft:talked_to_villager":1,"minecraft:fall_one_cm":627,"minecraft:fly_one_cm":80060},"minecraft:killed":{"minecraft:zombie":2},"minecraft:picked_up":{"minecraft:cooked_porkchop":5,"minecraft:rabbit_hide":1,"minecraft:rabbit":2,"farmersdelight:cooked_salmon_slice":2},"minecraft:used":{"minecraft:birch_fence":4,"moa_decor_cookery:estufa":1,"minecraft:cherry_sapling":2,"minecraft:end_stone_brick_wall":9,"minecraft:end_stone_bricks":9,"farmersdelight:flint_knife":21,"farmersdelight:skillet":13,"pint_decorations:low_table_coffee":26,"minecraft:warped_fence":4,"moa_decor_cookery:sartenconhuevo":3,"minecraft:white_bed":2,"farmersdelight:stove":1,"caupona:tessellation_workbench":1,"beautify:botanist_workbench":3,"minecraft:cherry_fence":10,"minecraft:end_stone":2,"minecraft:bone_meal":24,"minecraft:candle":2}},"DataVersion":3465}