{"stats":{"minecraft:picked_up":{"minecraft:rotten_flesh":3,"minecraft:gravel":7,"minecraft:dead_bush":1,"minecraft:sugar_cane":92},"minecraft:used":{"minecraft:cherry_boat":2,"farmersdelight:cod_slice":2,"securitycraft:cherry_security_sea_boat":1,"minecraft:cod":1},"minecraft:dropped":{"minecraft:dead_bush":1},"minecraft:custom":{"minecraft:time_since_rest":40416,"minecraft:open_chest":2,"minecraft:crouch_one_cm":226,"minecraft:play_time":40416,"minecraft:sprint_one_cm":44354,"minecraft:damage_taken":30,"minecraft:walk_one_cm":101196,"minecraft:sneak_time":489,"minecraft:walk_under_water_one_cm":24680,"minecraft:boat_one_cm":236033,"minecraft:drop":1,"minecraft:jump":259,"minecraft:damage_dealt":30,"minecraft:time_since_death":40416,"minecraft:walk_on_water_one_cm":6565,"minecraft:total_world_time":40416,"minecraft:interact_with_smoker":1,"minecraft:swim_one_cm":25649,"minecraft:talked_to_villager":1,"minecraft:fall_one_cm":1045,"minecraft:fly_one_cm":254909,"minecraft:horse_one_cm":2280},"minecraft:mined":{"minecraft:gravel":7,"minecraft:sugar_cane":37}},"DataVersion":3465}