{"stats":{"minecraft:picked_up":{"minecraft:lead":1,"minecraft:gravel":7,"minecraft:lily_pad":15,"minecraft:dead_bush":1,"minecraft:grass_block":2,"minecraft:rotten_flesh":5,"minecraft:wheat_seeds":1,"minecraft:beef":1,"minecraft:sugar_cane":92,"minecraft:mangrove_propagule":1,"minecraft:cod":1},"minecraft:used":{"minecraft:cherry_boat":3,"minecraft:grass_block":25,"minecraft:lead":1,"securitycraft:cherry_security_sea_boat":1,"minecraft:netherite_axe":2,"minecraft:gravel":1,"farmersdelight:cod_slice":2,"minecraft:cod":2},"minecraft:dropped":{"minecraft:dead_bush":1,"minecraft:cod":2},"minecraft:custom":{"minecraft:time_since_rest":82416,"minecraft:sprint_one_cm":81009,"minecraft:damage_taken":30,"minecraft:walk_one_cm":203366,"minecraft:mob_kills":1,"minecraft:drop":3,"minecraft:damage_dealt":226,"minecraft:swim_one_cm":25649,"minecraft:talked_to_villager":1,"minecraft:fly_one_cm":975303,"minecraft:open_chest":3,"minecraft:crouch_one_cm":806,"minecraft:play_time":82416,"minecraft:sneak_time":2627,"minecraft:walk_under_water_one_cm":24680,"minecraft:boat_one_cm":453444,"minecraft:jump":477,"minecraft:interact_with_grindstone":1,"minecraft:walk_on_water_one_cm":9494,"minecraft:time_since_death":82416,"minecraft:interact_with_smoker":1,"minecraft:total_world_time":82416,"minecraft:climb_one_cm":230,"minecraft:fall_one_cm":1045,"minecraft:horse_one_cm":2280},"minecraft:mined":{"minecraft:gravel":7,"minecraft:sugar_cane":37},"minecraft:killed":{"minecraft:cow":1}},"DataVersion":3465}