{"stats":{"minecraft:picked_up":{"minecraft:lead":1,"minecraft:dandelion":1,"minecraft:gravel":7,"minecraft:lily_pad":15,"minecraft:dead_bush":1,"minecraft:grass_block":2,"minecraft:rotten_flesh":5,"minecraft:wheat_seeds":1,"minecraft:beef":1,"minecraft:sugar_cane":92,"minecraft:mangrove_propagule":1,"minecraft:cod":1},"minecraft:used":{"minecraft:cherry_boat":3,"minecraft:grass_block":386,"minecraft:lead":1,"securitycraft:cherry_security_sea_boat":1,"minecraft:netherite_axe":2,"minecraft:gravel":1,"farmersdelight:cod_slice":2,"minecraft:cod":2},"minecraft:dropped":{"minecraft:rotten_flesh":5,"minecraft:dead_bush":1,"minecraft:cod":2},"minecraft:custom":{"minecraft:time_since_rest":106416,"minecraft:sprint_one_cm":83169,"minecraft:damage_taken":30,"minecraft:walk_one_cm":267573,"minecraft:mob_kills":1,"minecraft:drop":8,"minecraft:damage_dealt":226,"minecraft:swim_one_cm":27034,"minecraft:talked_to_villager":1,"minecraft:fly_one_cm":1018410,"minecraft:open_chest":4,"minecraft:crouch_one_cm":909,"minecraft:play_time":106416,"minecraft:sneak_time":3213,"minecraft:walk_under_water_one_cm":24696,"minecraft:boat_one_cm":453444,"minecraft:jump":543,"minecraft:interact_with_grindstone":1,"minecraft:walk_on_water_one_cm":12317,"minecraft:time_since_death":106416,"minecraft:interact_with_smoker":1,"minecraft:total_world_time":106416,"minecraft:climb_one_cm":230,"minecraft:fall_one_cm":1045,"minecraft:horse_one_cm":2280},"minecraft:mined":{"minecraft:gravel":7,"minecraft:sugar_cane":37},"minecraft:killed":{"minecraft:cow":1}},"DataVersion":3465}