{"stats":{"minecraft:picked_up":{"minecraft:sugar_cane":92,"minecraft:gravel":7},"minecraft:custom":{"minecraft:jump":162,"minecraft:open_chest":1,"minecraft:time_since_rest":16416,"minecraft:damage_dealt":30,"minecraft:crouch_one_cm":9,"minecraft:sprint_one_cm":30487,"minecraft:walk_on_water_one_cm":6565,"minecraft:play_time":16416,"minecraft:damage_taken":30,"minecraft:time_since_death":16416,"minecraft:walk_one_cm":37918,"minecraft:sneak_time":349,"minecraft:total_world_time":16416,"minecraft:walk_under_water_one_cm":24680,"minecraft:swim_one_cm":25649,"minecraft:fall_one_cm":1045,"minecraft:fly_one_cm":217240},"minecraft:mined":{"minecraft:sugar_cane":37,"minecraft:gravel":7}},"DataVersion":3465}