{"stats":{"minecraft:picked_up":{"minecraft:sugar_cane":58,"minecraft:gravel":7},"minecraft:custom":{"minecraft:jump":65,"minecraft:time_since_rest":4416,"minecraft:sprint_one_cm":13239,"minecraft:walk_on_water_one_cm":5169,"minecraft:play_time":4416,"minecraft:damage_taken":30,"minecraft:time_since_death":4416,"minecraft:walk_one_cm":20688,"minecraft:total_world_time":4416,"minecraft:walk_under_water_one_cm":614,"minecraft:fall_one_cm":836,"minecraft:fly_one_cm":7208},"minecraft:mined":{"minecraft:sugar_cane":24,"minecraft:gravel":7}},"DataVersion":3465}