{"stats":{"minecraft:custom":{"minecraft:time_since_rest":53667,"minecraft:crouch_one_cm":1625,"minecraft:play_time":53667,"minecraft:sprint_one_cm":63990,"minecraft:damage_taken":40,"minecraft:walk_one_cm":92839,"minecraft:sneak_time":2813,"minecraft:walk_under_water_one_cm":1394,"minecraft:mob_kills":5,"minecraft:drop":14,"minecraft:jump":426,"minecraft:damage_dealt":50,"minecraft:time_since_death":53667,"minecraft:walk_on_water_one_cm":1299,"minecraft:total_world_time":53667,"minecraft:fall_one_cm":810,"minecraft:fly_one_cm":1245503},"minecraft:killed":{"minecraft:sheep":3,"minecraft:villager":1,"minecraft:creeper":1},"minecraft:dropped":{"farmersdelight:iron_knife":1,"farmersdelight:stove":1,"farmersdelight:cooked_salmon_slice":6,"farmersdelight:skillet":2,"farmersdelight:cooking_pot":1,"minecraft:cooked_porkchop":1,"minecraft:blue_bed":1,"farmersdelight:salmon_slice":1},"minecraft:picked_up":{"minecraft:pink_petals":2,"beautify:oak_trellis":1,"minecraft:cooked_porkchop":1,"minecraft:dandelion":2,"caupona:fig":1,"minecraft:oak_log":1,"farmersdelight:cooked_salmon_slice":6,"farmersdelight:skillet":1,"minecraft:coal":2,"minecraft:dirt":56,"minecraft:cobblestone":17},"minecraft:used":{"minecraft:flint_and_steel":43,"farmersdelight:skillet":2,"minecraft:tnt":161,"farmersdelight:cooking_pot":1,"farmersdelight:stove":2,"minecraft:bone_meal":27,"minecraft:blue_bed":5}},"DataVersion":3465}