{"stats":{"minecraft:picked_up":{"minecraft:stick":4,"minecraft:rotten_flesh":1,"minecraft:sea_pickle":4,"minecraft:lead":1,"backpackes:diamondbackpack":2,"farmersdelight:tomato_seeds":12,"minecraft:lily_pad":7,"farmersdelight:tomato":2},"minecraft:used":{"minecraft:cherry_boat":1,"minecraft:grass_block":14},"minecraft:dropped":{"minecraft:dead_bush":1,"backpackes:diamondbackpack":2,"minecraft:grass_block":2,"minecraft:stick":2},"minecraft:custom":{"minecraft:time_since_rest":70107,"minecraft:open_chest":1,"minecraft:crouch_one_cm":1419,"minecraft:play_time":70107,"minecraft:sprint_one_cm":82028,"minecraft:walk_one_cm":86254,"minecraft:sneak_time":2103,"minecraft:walk_under_water_one_cm":27019,"minecraft:pot_flower":1,"minecraft:boat_one_cm":447073,"minecraft:drop":6,"minecraft:jump":339,"minecraft:leave_game":1,"minecraft:time_since_death":70107,"minecraft:walk_on_water_one_cm":18081,"minecraft:interact_with_smoker":1,"minecraft:total_world_time":70107,"minecraft:swim_one_cm":2826,"minecraft:fall_one_cm":2777,"minecraft:fly_one_cm":937737},"minecraft:mined":{"minecraft:dead_bush":2,"farmersdelight:wild_tomatoes":12,"minecraft:sugar_cane":1}},"DataVersion":3465}