{"stats":{"minecraft:custom":{"minecraft:time_since_rest":41667,"minecraft:crouch_one_cm":846,"minecraft:play_time":41667,"minecraft:sprint_one_cm":60485,"minecraft:damage_taken":40,"minecraft:walk_one_cm":74910,"minecraft:sneak_time":2001,"minecraft:walk_under_water_one_cm":1394,"minecraft:drop":14,"minecraft:jump":361,"minecraft:damage_dealt":20,"minecraft:time_since_death":41667,"minecraft:walk_on_water_one_cm":1029,"minecraft:total_world_time":41667,"minecraft:fall_one_cm":810,"minecraft:fly_one_cm":1037135},"minecraft:dropped":{"farmersdelight:iron_knife":1,"farmersdelight:stove":1,"farmersdelight:cooked_salmon_slice":6,"farmersdelight:skillet":2,"farmersdelight:cooking_pot":1,"minecraft:cooked_porkchop":1,"minecraft:blue_bed":1,"farmersdelight:salmon_slice":1},"minecraft:picked_up":{"minecraft:cooked_porkchop":1,"caupona:fig":1,"farmersdelight:cooked_salmon_slice":6,"farmersdelight:skillet":1},"minecraft:used":{"farmersdelight:skillet":2,"farmersdelight:cooking_pot":1,"farmersdelight:stove":2,"minecraft:blue_bed":5}},"DataVersion":3465}