{"stats":{"minecraft:picked_up":{"minecraft:stick":2,"farmersdelight:tomato_seeds":12,"farmersdelight:tomato":2},"minecraft:custom":{"minecraft:jump":77,"minecraft:time_since_rest":4203,"minecraft:sprint_one_cm":22824,"minecraft:play_time":4203,"minecraft:walk_on_water_one_cm":1426,"minecraft:time_since_death":4203,"minecraft:walk_one_cm":9323,"minecraft:total_world_time":4203,"minecraft:fall_one_cm":1881,"minecraft:fly_one_cm":15286},"minecraft:mined":{"farmersdelight:wild_tomatoes":12,"minecraft:sugar_cane":1,"minecraft:dead_bush":2}},"DataVersion":3465}