{"stats":{"minecraft:picked_up":{"minecraft:stick":2,"farmersdelight:tomato_seeds":12,"minecraft:sea_pickle":4,"farmersdelight:tomato":2},"minecraft:custom":{"minecraft:jump":180,"minecraft:open_chest":1,"minecraft:time_since_rest":16203,"minecraft:crouch_one_cm":583,"minecraft:sprint_one_cm":54440,"minecraft:play_time":16203,"minecraft:walk_on_water_one_cm":15115,"minecraft:time_since_death":16203,"minecraft:walk_one_cm":35525,"minecraft:sneak_time":740,"minecraft:total_world_time":16203,"minecraft:walk_under_water_one_cm":27006,"minecraft:pot_flower":1,"minecraft:swim_one_cm":2826,"minecraft:fall_one_cm":2777,"minecraft:fly_one_cm":173730},"minecraft:mined":{"farmersdelight:wild_tomatoes":12,"minecraft:sugar_cane":1,"minecraft:dead_bush":2}},"DataVersion":3465}