{"stats":{"minecraft:custom":{"minecraft:open_chest":1,"minecraft:time_since_rest":10867,"minecraft:crouch_one_cm":1174,"minecraft:play_time":10867,"minecraft:sprint_one_cm":29354,"minecraft:damage_taken":180,"minecraft:walk_one_cm":76336,"minecraft:sneak_time":340,"minecraft:mob_kills":1,"minecraft:drop":3,"minecraft:jump":210,"minecraft:damage_dealt":78,"minecraft:leave_game":1,"minecraft:time_since_death":10867,"minecraft:total_world_time":10867,"minecraft:fall_one_cm":6709,"minecraft:fly_one_cm":15673,"minecraft:horse_one_cm":555},"minecraft:dropped":{"minecraft:red_tulip":1,"minecraft:carrot":2},"minecraft:mined":{"minecraft:dark_oak_fence":6,"minecraft:hay_block":4,"minecraft:red_tulip":1,"minecraft:vine":1,"minecraft:chest":1,"minecraft:white_wool":20,"minecraft:oak_leaves":1,"minecraft:carved_pumpkin":3,"minecraft:crafting_table":1},"minecraft:picked_up":{"minecraft:crafting_table":1,"minecraft:arrow":6,"minecraft:experience_bottle":1,"minecraft:wheat_seeds":1,"minecraft:hay_block":4,"minecraft:red_tulip":1,"minecraft:carved_pumpkin":3,"minecraft:chest":1,"minecraft:goat_horn":1,"minecraft:carrot":7,"minecraft:dark_oak_log":5,"minecraft:string":1,"minecraft:dark_oak_fence":5,"minecraft:white_wool":20}},"DataVersion":3465}