{"stats":{"minecraft:custom":{"minecraft:jump":90,"minecraft:time_since_rest":17667,"minecraft:damage_dealt":20,"minecraft:crouch_one_cm":261,"minecraft:walk_on_water_one_cm":757,"minecraft:sprint_one_cm":10875,"minecraft:play_time":17667,"minecraft:damage_taken":40,"minecraft:time_since_death":17667,"minecraft:walk_one_cm":16005,"minecraft:sneak_time":1357,"minecraft:total_world_time":17667,"minecraft:walk_under_water_one_cm":1271,"minecraft:fall_one_cm":810,"minecraft:fly_one_cm":678267}},"DataVersion":3465}