{"stats":{"minecraft:picked_up":{"minecraft:stick":4,"minecraft:rotten_flesh":1,"minecraft:sea_pickle":4,"minecraft:wheat_seeds":1,"minecraft:torch":1,"minecraft:lead":1,"backpackes:diamondbackpack":2,"farmersdelight:tomato_seeds":12,"minecraft:lily_pad":7,"minecraft:sugar_cane":3,"farmersdelight:tomato":2},"minecraft:used":{"minecraft:cherry_boat":1,"minecraft:grass_block":580},"minecraft:dropped":{"minecraft:dead_bush":1,"backpackes:diamondbackpack":2,"minecraft:grass_block":2,"minecraft:stick":2},"minecraft:custom":{"minecraft:time_since_rest":94107,"minecraft:open_chest":2,"minecraft:crouch_one_cm":1572,"minecraft:play_time":94107,"minecraft:sprint_one_cm":87926,"minecraft:walk_one_cm":115510,"minecraft:sneak_time":2855,"minecraft:walk_under_water_one_cm":54331,"minecraft:pot_flower":1,"minecraft:boat_one_cm":447073,"minecraft:drop":6,"minecraft:jump":368,"minecraft:leave_game":1,"minecraft:time_since_death":94107,"minecraft:walk_on_water_one_cm":39667,"minecraft:interact_with_smoker":1,"minecraft:total_world_time":94107,"minecraft:swim_one_cm":4040,"minecraft:fall_one_cm":2777,"minecraft:fly_one_cm":1607311},"minecraft:mined":{"minecraft:dead_bush":2,"farmersdelight:wild_tomatoes":12,"minecraft:sugar_cane":1}},"DataVersion":3465}