{"stats":{"minecraft:custom":{"minecraft:jump":82,"minecraft:time_since_rest":2860,"minecraft:damage_dealt":10,"minecraft:crouch_one_cm":1174,"minecraft:sprint_one_cm":2758,"minecraft:play_time":2860,"minecraft:damage_taken":90,"minecraft:time_since_death":2860,"minecraft:walk_one_cm":9821,"minecraft:sneak_time":340,"minecraft:total_world_time":2860,"minecraft:drop":1,"minecraft:fall_one_cm":3154,"minecraft:fly_one_cm":1727},"minecraft:dropped":{"minecraft:red_tulip":1},"minecraft:mined":{"minecraft:red_tulip":1,"minecraft:oak_leaves":1},"minecraft:picked_up":{"minecraft:red_tulip":1}},"DataVersion":3465}