{"stats":{"minecraft:picked_up":{"minecraft:stick":2,"minecraft:rotten_flesh":1,"minecraft:sea_pickle":4,"minecraft:lead":1,"backpackes:diamondbackpack":2,"farmersdelight:tomato_seeds":12,"farmersdelight:tomato":2},"minecraft:dropped":{"minecraft:dead_bush":1,"backpackes:diamondbackpack":2},"minecraft:custom":{"minecraft:time_since_rest":40107,"minecraft:open_chest":1,"minecraft:crouch_one_cm":1145,"minecraft:play_time":40107,"minecraft:sprint_one_cm":66083,"minecraft:walk_one_cm":61081,"minecraft:sneak_time":1120,"minecraft:walk_under_water_one_cm":27019,"minecraft:pot_flower":1,"minecraft:boat_one_cm":237564,"minecraft:drop":3,"minecraft:jump":297,"minecraft:leave_game":1,"minecraft:time_since_death":40107,"minecraft:walk_on_water_one_cm":15786,"minecraft:interact_with_smoker":1,"minecraft:total_world_time":40107,"minecraft:swim_one_cm":2826,"minecraft:fall_one_cm":2777,"minecraft:fly_one_cm":262142},"minecraft:mined":{"minecraft:dead_bush":2,"farmersdelight:wild_tomatoes":12,"minecraft:sugar_cane":1}},"DataVersion":3465}