{"stats":{"minecraft:custom":{"minecraft:jump":306,"minecraft:time_since_rest":29667,"minecraft:damage_dealt":20,"minecraft:crouch_one_cm":685,"minecraft:walk_on_water_one_cm":757,"minecraft:sprint_one_cm":56667,"minecraft:play_time":29667,"minecraft:damage_taken":40,"minecraft:time_since_death":29667,"minecraft:walk_one_cm":59062,"minecraft:sneak_time":1601,"minecraft:total_world_time":29667,"minecraft:walk_under_water_one_cm":1271,"minecraft:drop":1,"minecraft:fall_one_cm":810,"minecraft:fly_one_cm":768080},"minecraft:dropped":{"farmersdelight:skillet":1},"minecraft:picked_up":{"farmersdelight:skillet":1,"caupona:fig":1},"minecraft:used":{"farmersdelight:stove":2,"minecraft:blue_bed":5}},"DataVersion":3465}