{"stats":{"minecraft:picked_up":{"minecraft:stick":4,"minecraft:rotten_flesh":1,"minecraft:sea_pickle":4,"minecraft:lead":1,"minecraft:wheat_seeds":3,"minecraft:torch":1,"backpackes:diamondbackpack":2,"farmersdelight:tomato_seeds":12,"minecraft:lily_pad":7,"minecraft:sugar_cane":3,"farmersdelight:tomato":2},"minecraft:used":{"minecraft:cherry_boat":1,"minecraft:grass_block":1030,"minecraft:sponge":8},"minecraft:dropped":{"minecraft:dead_bush":1,"backpackes:diamondbackpack":2,"minecraft:grass_block":2,"minecraft:stick":2},"minecraft:custom":{"minecraft:open_chest":2,"minecraft:time_since_rest":114768,"minecraft:crouch_one_cm":1847,"minecraft:play_time":114768,"minecraft:sprint_one_cm":92286,"minecraft:walk_one_cm":152669,"minecraft:sneak_time":3271,"minecraft:walk_under_water_one_cm":66563,"minecraft:pot_flower":1,"minecraft:drop":6,"minecraft:boat_one_cm":447073,"minecraft:jump":452,"minecraft:leave_game":2,"minecraft:time_since_death":114768,"minecraft:walk_on_water_one_cm":68315,"minecraft:total_world_time":114768,"minecraft:interact_with_smoker":1,"minecraft:swim_one_cm":4586,"minecraft:fly_one_cm":1678032,"minecraft:fall_one_cm":2777},"minecraft:mined":{"minecraft:dead_bush":2,"farmersdelight:wild_tomatoes":12,"minecraft:sugar_cane":1}},"DataVersion":3465}