{"stats":{"minecraft:custom":{"minecraft:time_since_rest":9447,"minecraft:sprint_one_cm":64015,"minecraft:damage_taken":40,"minecraft:walk_one_cm":105033,"minecraft:mob_kills":7,"minecraft:drop":14,"minecraft:damage_dealt":50,"minecraft:swim_one_cm":3235,"minecraft:fly_one_cm":1867502,"minecraft:open_chest":1,"minecraft:crouch_one_cm":2291,"minecraft:play_time":71093,"minecraft:sneak_time":4355,"minecraft:walk_under_water_one_cm":3943,"minecraft:jump":465,"minecraft:leave_game":2,"minecraft:walk_on_water_one_cm":4725,"minecraft:time_since_death":71093,"minecraft:sleep_in_bed":1,"minecraft:total_world_time":71093,"minecraft:fall_one_cm":810},"minecraft:killed":{"minecraft:sheep":4,"minecraft:cat":1,"minecraft:villager":1,"minecraft:creeper":1},"minecraft:dropped":{"farmersdelight:iron_knife":1,"farmersdelight:skillet":2,"farmersdelight:cooking_pot":1,"minecraft:cooked_porkchop":1,"farmersdelight:salmon_slice":1,"farmersdelight:stove":1,"farmersdelight:cooked_salmon_slice":6,"minecraft:blue_bed":1},"minecraft:picked_up":{"minecraft:pink_petals":2,"beautify:oak_trellis":1,"minecraft:cooked_porkchop":1,"minecraft:dandelion":2,"minecraft:oak_stairs":16,"caupona:fig":1,"minecraft:oak_log":1,"farmersdelight:skillet":1,"minecraft:cornflower":1,"minecraft:dirt":152,"beautify:botanist_workbench":1,"farmersdelight:cooked_salmon_slice":6,"minecraft:coal":2,"minecraft:cobblestone":17},"minecraft:used":{"minecraft:villager_spawn_egg":5,"farmersdelight:skillet":2,"minecraft:flint_and_steel":85,"minecraft:lantern":2,"farmersdelight:stove":2,"minecraft:blue_bed":5,"minecraft:tnt":496,"minecraft:magenta_bed":2,"farmersdelight:cooking_pot":1,"minecraft:dandelion":7,"minecraft:bone_meal":27}},"DataVersion":3465}