{
  "minecraft:recipes/decorations/crafting_table": {
    "criteria": {
      "unlock_right_away": "2024-07-03 04:26:12 +0000"
    },
    "done": true
  },
  "beautify:progression/root": {
    "criteria": {
      "Install": "2024-07-03 04:26:12 +0000"
    },
    "done": true
  },
  "pint_decorations:allrecette": {
    "criteria": {
      "allrecette": "2024-07-03 04:26:12 +0000"
    },
    "done": true
  },
  "minecraft:adventure/adventuring_time": {
    "criteria": {
      "minecraft:beach": "2024-07-03 04:33:11 +0000",
      "minecraft:river": "2024-07-03 04:29:25 +0000",
      "minecraft:forest": "2024-07-03 04:26:13 +0000",
      "minecraft:plains": "2024-07-03 04:29:22 +0000"
    },
    "done": false
  },
  "farmersdelight:main/root": {
    "criteria": {
      "seeds": "2024-07-03 04:32:47 +0000"
    },
    "done": true
  },
  "DataVersion": 3465
}