{
  "minecraft:recipes/decorations/crafting_table": {
    "criteria": {
      "unlock_right_away": "2024-07-03 04:26:12 +0000"
    },
    "done": true
  },
  "beautify:progression/root": {
    "criteria": {
      "Install": "2024-07-03 04:26:12 +0000"
    },
    "done": true
  },
  "pint_decorations:allrecette": {
    "criteria": {
      "allrecette": "2024-07-03 04:26:12 +0000"
    },
    "done": true
  },
  "minecraft:adventure/adventuring_time": {
    "criteria": {
      "minecraft:forest": "2024-07-03 04:26:13 +0000"
    },
    "done": false
  },
  "DataVersion": 3465
}