{
  "minecraft:recipes/decorations/crafting_table": {
    "criteria": {
      "unlock_right_away": "2024-07-02 01:37:47 +0000"
    },
    "done": true
  },
  "minecraft:adventure/adventuring_time": {
    "criteria": {
      "minecraft:flower_forest": "2024-07-02 01:37:48 +0000",
      "minecraft:meadow": "2024-07-02 01:38:03 +0000",
      "minecraft:plains": "2024-07-02 01:39:03 +0000"
    },
    "done": false
  },
  "minecraft:recipes/misc/red_dye_from_tulip": {
    "criteria": {
      "has_red_flower": "2024-07-02 01:38:53 +0000"
    },
    "done": true
  },
  "DataVersion": 3465
}