{
  "minecraft:recipes/decorations/crafting_table": {
    "criteria": {
      "unlock_right_away": "2024-07-03 04:24:25 +0000"
    },
    "done": true
  },
  "beautify:progression/root": {
    "criteria": {
      "Install": "2024-07-03 04:24:25 +0000"
    },
    "done": true
  },
  "pint_decorations:allrecette": {
    "criteria": {
      "allrecette": "2024-07-03 04:24:25 +0000"
    },
    "done": true
  },
  "minecraft:adventure/adventuring_time": {
    "criteria": {
      "minecraft:lukewarm_ocean": "2024-07-03 04:28:51 +0000",
      "minecraft:river": "2024-07-03 04:27:59 +0000",
      "minecraft:stony_shore": "2024-07-03 04:28:42 +0000",
      "minecraft:forest": "2024-07-03 04:24:26 +0000",
      "minecraft:savanna": "2024-07-03 04:27:56 +0000",
      "minecraft:plains": "2024-07-03 04:28:41 +0000"
    },
    "done": false
  },
  "DataVersion": 3465
}