{
  "farmersdelight:recipes/cooking/dog_food": {
    "criteria": {
      "has_any_ingredient": "2024-07-03 04:58:58 +0000"
    },
    "done": true
  },
  "farmersdelight:main/place_cooking_pot": {
    "criteria": {
      "cooking_pot": "2024-07-03 04:51:07 +0000"
    },
    "done": true
  },
  "farmersdelight:recipes/misc/iron_nugget_from_blasting_knife": {
    "criteria": {
      "has_iron_knife": "2024-07-03 04:52:10 +0000"
    },
    "done": true
  },
  "farmersdelight:main/place_skillet": {
    "criteria": {
      "skillet": "2024-07-03 04:51:29 +0000"
    },
    "done": true
  },
  "minecraft:recipes/misc/white_dye": {
    "criteria": {
      "has_bone_meal": "2024-07-03 04:58:58 +0000"
    },
    "done": true
  },
  "farmersdelight:recipes/food/cooked_salmon_slice_from_smoking": {
    "criteria": {
      "cooked_salmon_slice": "2024-07-03 04:48:57 +0000"
    },
    "done": true
  },
  "farmersdelight:recipes/misc/iron_nugget_from_smelting_knife": {
    "criteria": {
      "has_iron_knife": "2024-07-03 04:52:10 +0000"
    },
    "done": true
  },
  "farmersdelight:recipes/food/cooked_salmon_slice_from_campfire_cooking": {
    "criteria": {
      "cooked_salmon_slice": "2024-07-03 04:48:57 +0000"
    },
    "done": true
  },
  "minecraft:recipes/decorations/crafting_table": {
    "criteria": {
      "unlock_right_away": "2024-07-03 04:24:25 +0000"
    },
    "done": true
  },
  "farmersdelight:recipes/food/salmon_roll": {
    "criteria": {
      "has_salmon_slice": "2024-07-03 04:48:57 +0000"
    },
    "done": true
  },
  "minecraft:recipes/transportation/cherry_boat": {
    "criteria": {
      "in_water": "2024-07-03 04:36:49 +0000"
    },
    "done": true
  },
  "beautify:progression/root": {
    "criteria": {
      "Install": "2024-07-03 04:24:25 +0000"
    },
    "done": true
  },
  "pint_decorations:allrecette": {
    "criteria": {
      "allrecette": "2024-07-03 04:24:25 +0000"
    },
    "done": true
  },
  "minecraft:recipes/transportation/bamboo_raft": {
    "criteria": {
      "in_water": "2024-07-03 04:36:49 +0000"
    },
    "done": true
  },
  "minecraft:recipes/transportation/spruce_boat": {
    "criteria": {
      "in_water": "2024-07-03 04:36:49 +0000"
    },
    "done": true
  },
  "minecraft:recipes/transportation/birch_boat": {
    "criteria": {
      "in_water": "2024-07-03 04:36:49 +0000"
    },
    "done": true
  },
  "minecraft:recipes/transportation/oak_boat": {
    "criteria": {
      "in_water": "2024-07-03 04:36:49 +0000"
    },
    "done": true
  },
  "minecraft:recipes/transportation/mangrove_boat": {
    "criteria": {
      "in_water": "2024-07-03 04:36:49 +0000"
    },
    "done": true
  },
  "farmersdelight:recipes/food/cooked_salmon_slice": {
    "criteria": {
      "cooked_salmon_slice": "2024-07-03 04:48:57 +0000"
    },
    "done": true
  },
  "farmersdelight:main/root": {
    "criteria": {
      "seeds": "2024-07-03 04:39:24 +0000"
    },
    "done": true
  },
  "minecraft:recipes/transportation/acacia_boat": {
    "criteria": {
      "in_water": "2024-07-03 04:36:49 +0000"
    },
    "done": true
  },
  "minecraft:adventure/adventuring_time": {
    "criteria": {
      "minecraft:birch_forest": "2024-07-03 04:31:45 +0000",
      "minecraft:dark_forest": "2024-07-03 04:33:20 +0000",
      "minecraft:lukewarm_ocean": "2024-07-03 04:28:51 +0000",
      "minecraft:river": "2024-07-03 04:27:59 +0000",
      "minecraft:stony_shore": "2024-07-03 04:28:42 +0000",
      "minecraft:forest": "2024-07-03 04:24:26 +0000",
      "minecraft:ocean": "2024-07-03 04:36:50 +0000",
      "minecraft:old_growth_birch_forest": "2024-07-03 04:31:39 +0000",
      "minecraft:meadow": "2024-07-03 04:54:55 +0000",
      "minecraft:savanna": "2024-07-03 04:27:56 +0000",
      "minecraft:plains": "2024-07-03 04:28:41 +0000"
    },
    "done": false
  },
  "farmersdelight:main/craft_knife": {
    "criteria": {
      "iron_knife": "2024-07-03 04:52:10 +0000"
    },
    "done": true
  },
  "minecraft:recipes/transportation/jungle_boat": {
    "criteria": {
      "in_water": "2024-07-03 04:36:49 +0000"
    },
    "done": true
  },
  "minecraft:recipes/transportation/dark_oak_boat": {
    "criteria": {
      "in_water": "2024-07-03 04:36:49 +0000"
    },
    "done": true
  },
  "minecraft:recipes/building_blocks/bone_block": {
    "criteria": {
      "has_bone_meal": "2024-07-03 04:58:58 +0000"
    },
    "done": true
  },
  "DataVersion": 3465
}